NO,Department,Name,Model,Serial,Manufacturer,Log_Number,Installation_Date,Warranty_End,Service_Date,Engineer
1,4B,BP APPARATUS,STANDBY,SW3266-,BAUMANOMETER,2394,,,01/10/2025,NIXON
2,4B,BP APPARATUS,STANDBY,SX2315,BAUMANOMETER,2397,,,01/11/2025,MANU
3,4B,BP APPARATUS,STANDBY,SX4289,BAUMANOMETER,2451,,,01/11/2025,SUJITH
4,4B,BP APPARATUS,STANDBY,SW5289,BAUMANOMETER,2457,,,01/12/2025,NIXON
5,4B,EXAMINATION LIGHT,KS-Q3,1110,IKEA,2393,,,01/10/2025,NIXON
6,4B,EXAMINATION LIGHT,ANN504,1042,IKEA,2458,,,01/12/2025,MANU
7,4B,MAGNIFYING LAMP,RLL122T,2314014022,WALDMANN,2392,,,01/10/2025,SUJITH
8,4B,ORTHO EXAM.BED,GB8E,EU 2017/745,SAIKANG MEDICAL,2396,,,01/11/2025,MANU
9,4B,PATIENT BED,GENERIC ,N-A 3,LOCAL SUPPLY,2390,,,01/10/2025,MANU
10,4B,PATIENT BED,LA6018MAPL,023218,CORONA MEDICAL,2399,,,01/11/2025,MANU
11,4B,PATIENT BED,2 COMMUNES,E0140051-0010,MEDISA,2454,,,01/11/2025,NIXON
12,4B,REFRIGERATOR,RD-18WR4HB,941049002069275000,WANSA,2459,,,01/12/2025,MANU
13,4B,XRAY VIEWER,GENERIC ,N-A 1,LOCAL SUPPLY,2391,,,01/10/2025,JAYAPRAKASH
14,4B,XRAY VIEWER,02.040.00,50056,FAZZINI,2400,,,01/11/2025,JAYAPRAKASH
15,5A,BP APPARATUS,STANDBY,SX2321,BAUMANOMETER,2492,,,01/09/2025,NIXON
16,5A,BP APPARATUS,STANDBY,SX7029,BAUMANOMETER,2494,,,01/10/2025,NIXON
17,5A,EXAMINATION LAMP,KSQ3,N-A 4,IKEA,2510,,,01/11/2025,MANU
18,5A,PATIENT BED,LA6018MAPL,N-A 5,CORONA MEDICAL,2481,,,01/05/2025,MANU
19,5A,PATIENT BED,S380 SONDER,380-2008-44-190,DRUCKEN,2482,,,01/06/2025,MANU
20,5A,PATIENT BED,LA6018MAPL,N-A 6,CORONA MEDICAL,2484,,,01/07/2025,NIXON
21,5A,PATIENT BED,5380,380-2008-44-194,DULKER,2491,,,01/08/2025,JAYAPRAKASH
22,5A,PATIENT BED,LA6018MAPL,058438,CORONA MEDICAL,2498,,,01/05/2025,MANU
23,5A,PATIENT BED,LA6018MAPL,058439,CORONA MEDICAL,2499,,,01/06/2025,MANU
24,5A,PATIENT BED,LA6018MAPL,058449,CORONA MEDICAL,2502,,,01/07/2025,NIXON
25,5A,PATIENT BED,LA6018MAPL,058473,CORONA MEDICAL,2511,,,01/09/2025,NIXON
26,5A,PATIENT BED,LA6018MAPL,058441,CORONA MEDICAL,2514,,,01/10/2025,NIXON
27,5A,SUCTION MACHINE,CVR6-1229,GFHL50722,OHMEDA,2505,,,01/08/2025,JAYAPRAKASH
28,5A,TROLLEY,GENERIC ,N-A 2 ,UMMI,2497,,,01/11/2025,MANU
29,5B,BP APPARATUS,STANDBY,4190744,WA BAUM CO,2470,,,01/05/2025,NIXON
30,5B,BP APPARATUS,STANDBY,SX5118,BAUMANOMETER,2473,,,01/05/2025,MANU
31,5B,PATIENT BED,S380,380-2008-44-196,DULKER,2460,,,01/04/2025,NIXON
32,5B,PATIENT BED,2 COMUMNES,EO140051-0001,MEDISA,2464,,,01/04/2025,MANU
33,5B,PATIENT BED,GENERIC ,N- A 7 ,LOCAL SUPPLY,2465,,,01/04/2025,JAYAPRAKASH
34,5B,PATIENT BED,2 COMMUNES,N-A 8,MEDISA,2467,,,01/04/2025,MANU
35,5B,PATIENT BED,LA6018MAPL,58457,CORONA MEDICAL,2531,,,01/05/2025,JAYAPRAKASH
36,5B,PATIENT BED,S380SONDER,AB204130SN-1504012914,DULKER,2624,,,01/05/2025,MANU
37,5B,PATIENT BED,S380 sSONDER,N-A 9,DULKER,2625,,,01/06/2025,NIXON
38,5B,PATIENT BED,LA6018MAPL,N-A 10,CORONA MEDICAL,2629,,,01/06/2025,MANU
39,5B,PATIENT BED,LA6018MAPL,N-A 11,CORONA MEDICAL,2630,,,01/06/2025,MANU
40,5B,PATIENT BED,GENERIC ,N-A 12,LOCAL SUPPLY,2417,,,01/06/2025,JAYAPRAKASH
41,5B,PATIENT TROLLEY,GENERIC ,N-A 13,UMMI,2462,,,01/04/2025,MANU
42,5B,PATIENT TROLLEY,GENERIC ,N-A 14,LOCAS,1354,,,01/06/2025,MANU
43,5B,SUCTION MACHINE,CVR6-1229,GFHL50720,OHMEDA,2475,,,01/05/2025,MANU
44,5B,XRAY VIEWER,GENERIC ,N-A 15,LOCAL SUPPLY,2471,,,01/06/2025,JAYAPRAKASH
45,6A,BP APPARATUS,STANDBY,SX6898,BAUMANOMETER,2528,,,01/07/2025,NIXON
46,6A,BP APPARATUS,STANDBY,SX1305,BAUMANOMETER,2529,,,01/07/2025,NIXON
47,6A,PATIENT BED,LA6018MAPL,058450,CORONA MEDICAL ,2516,,,01/07/2025,MANU
48,6A,PATIENT BED,LA6018MAPL,N-A 16,CORONA MEDICAL ,2517,,,01/07/2025,MANU
49,6A,PATIENT BED,S380 SONDER,380-2008-44-192,DULKER,2518,,,01/07/2025,JAYAPRAKASH
50,6A,PATIENT BED,LA6018MAPL,N-A 17,CORONA MEDICAL ,2519,,,01/07/2025,MANU
51,6A,PATIENT BED,2 COMUMNES,E0140051-0002,MEDISA,2521,,,01/07/2025,MANU
52,6A,PATIENT BED,LA6018MAPL,058460,CORONA MEDICAL,2522,,,01/08/2025,NIXON
53,6A,PATIENT BED,S380 SONDER,380-2008-44-197,DULKER,2533,,,01/08/2025,NIXON
54,6A,PATIENT BED,LA6018MAPL,058436,CORO,2536,,,01/08/2025,MANU
55,6A,PATIENT BED,LA6018MAPL,N-A 18,CORONA MEDICAL ,2632,,,01/08/2025,MANU
56,6A,PATIENT BED,LA6018MAPL,N-A 19,CORONA MEDICAL ,2633,,,01/08/2025,JAYAPRAKASH
57,6A,PATIENT BED,LA6018MAPL,N-A 20,CORONA MEDICAL ,2635,,,01/08/2025,MANU
58,6A,PATIENT TROLLEY,GENERIC ,N-A 21,UMMI MEDICAL,2523,,,01/08/2025,MANU
59,6A,REFRIGERATOR,GENERIC ,N-A 22,WANSA,2547,,,01/09/2025,NIXON
60,6A,SUCTION MACHINE,CVR6-1229,GFHL50719,OHMEDA,2541,,,01/09/2025,NIXON
61,6A,TRANSFER TROLLEY,GENERIC ,N-A 23,UMMI MEDICAL,2524,,,01/09/2025,MANU
62,6A,TRANSFER TROLLEY,GENERIC ,N-A 24,UMMI,2525,,,01/09/2025,MANU
63,6A,TRANSFER TROLLEY,GENERIC ,N-A 25,UMMI,2526,,,01/09/2025,JAYAPRAKASH
64,6A,XRAY VIEWER,GENERIC ,N-A 26,LOCAL SUPPLY,2542,,,01/09/2025,JAYAPRAKASH
65,6B,BP APPARATUS,GENERIC ,04190748,WA BAUM CO,2562,,,01/07/2025,NIXON
66,6B,BP APPARATUS,STANDBY,SX3291,BAUMANOMETER,2566,,,01/07/2025,MANU
67,6B,PATIENT BED,S380 SONDER,380-2008-44-195,DULKER,2548,,,01/03/2025,MANU
68,6B,PATIENT BED,S380 SONDER,N-A 27-,DULKER,2551,,,01/04/2025,NIXON
69,6B,PATIENT BED,LA6018MAPL,650456,CORONA MEDICAL,2553,,,01/05/2025,JAYAPRAKASH
70,6B,PATIENT BED,S380 sonder,380-2008-44-191,DULKER,2555,,,01/03/2025,MANU
71,6B,PATIENT BED,COMMUNES,E0140051-0004,MEDISA,2559,,,01/06/2025,MANU
72,6B,REFRIGERATOR,GR-E1837,1140218000498,TOSHIBA,2563,,,01/05/2025,JAYAPRAKASH
73,6B,SUCTION MACHINE,CVR6-1229,GFHL50723,OHMEDA,2564,,,01/06/2025,MANU
74,6B,TRANSFER TROLLEY,GENERIC ,N-A 27,UMMI,2557,,,01/04/2025,NIXON
75,CSSD,INSPECTION LAMP ,WM5288,SN6809001,PHILIPS BURTON ,2593,,,01/03/2025,MANU
76,CSSD,INSPECTION LAMP ,WM520FL,SN6800375,PHILIPS BURTON ,2595,,,01/04/2025,MANU
77,CSSD,PRESSURE WASHER,A15TST,BJ-05013014,KRANZLE,2586,,,01/05/2025,MANU
78,DENTAL,BP APPARATUS,STAND BY,SV1435,BAUMANOMETER,1064,,,01/04/2025,MANU
79,DENTAL,BP APPARATUS,WABAUN,41907416,HAWKSLEY CYSONS,1423,,,01/04/2025,MANU
80,DENTAL,BP APPRATUS,STAND BY,SV8743,BAUMANOMETER,1045,,,01/03/2025,MANU
81,DENTAL,DEEP CURE-L,3M-ESPE,932125023609,3M,1088,,,01/04/2025,MANU
82,DENTAL,IPEX II,GENERIC ,9117794,NSK,2389,,,01/04/2025,MANU
83,DENTAL,OBTURATION SYSTEM,NE 274,03X23918,DENTSPLY,2383,,,01/04/2025,MANU
84,DENTAL,WATER DISTILLER,MLT9437 SW,566487,MEGAHOME ,2384,,,01/04/2025,MANU
85,DENTAL,WEIGHSHING SCALE,WB3007311,14100157,TANITA ,1022,,,01/04/2025,SUJITH
86,DERMA,AUTO STAC STABILISER,ST 2000W,ADR12070135,NIPPONKEIDEKEN WORKSLTD,1220,,,01/09/2025,SUJITH
87,DERMA,BEAUTY BED,SILVER FOX,N-A 30,MADI,1037,,,01/01/2025,MANU
88,DERMA,BEAUTY BED,H3869A,KMA2021082702-9,MADI,1246,,,01/01/2025,MANU
89,DERMA,BEAUTY BED,TESERE 4 MOTORI,14W11061249,LEMI,1259,,,01/02/2025,MANU
90,DERMA,BEAUTY BED,SILVER FOX,KMA2021082702-A2,MADI,1270,,,01/02/2025,MANU
91,DERMA,BEAUTY BED,SILVER FOX,22358,MADI,1295,,,01/02/2025,MANU
92,DERMA,BEAUTY BED,TESERA 4  MOTORI,14W11061250,LEMI,1251,,,01/02/2025,JAYAPRAKASH
93,DERMA,BEAUTY BED,TESERA 4  MOTORI,14W11061251,LEMI,1266,,,01/02/2025,NIXON
94,DERMA,BEAUTY BED,SILVER FOX,N-A 31,MADI,1234,,,01/03/2025,MANU
95,DERMA,BEAUTY BED,SILVER FOX,N-A 32,MADI,1010,,,01/06/2025,JAYAPRAKASH
96,DERMA,BEAUTY BED,SILVER FOX,N-A 33,MADI,1014,,,01/06/2025,MANU
97,DERMA,BEAUTY BED,SILVER FOX,N-A 34,MADI,1020,,,01/07/2025,JAYAPRAKASH
98,DERMA,BP APPARATUS,930,4190751,BAUMAN,1273,,,01/10/2025,MANU
99,DERMA,BP APPARATUS,STAND BY,SW9910,BAUMANOMETER,1297,,,01/11/2025,NIXON
100,DERMA,ELECTRIC BEAUTY BED,Silver Fox,EX4002719,MADI,1211,,,01/03/2025,MANU
101,DERMA,ELECTRIC BEAUTY BED,Silver Fox,EX4002717,MADI,1233,,,01/03/2025,MANU
102,DERMA,EXAMINATION LIGHT,TYPA9504,17796-,IK,1255,,,01/10/2025,MANU
103,DERMA,EXAMINATION LIGHT,KS-Q35,N-A 35,IK,1298,,,01/11/2025,NIXON
104,DERMA,MAGNIFYING LIGHT,RLL122T,2314014016,WALDMAN,1208,,,01/05/2025,MANU
105,DERMA,MAGNIFYING LIGHT,RLLQ48R,117560485,WALDMANN,1009,,,01/06/2025,MANU
106,DERMA,MAGNIFYING LIGHT,RLLQ48R,0117-560-482,WALDMANN,1015,,,01/06/2025,JAYAPRAKASH
107,DERMA,MAGNIFYING LIGHT,RLLQ48R,117560488,WALDMANN,1034,,,01/08/2025,JAYAPRAKASH
108,DERMA,MAGNIFYING LIGHT,8315-27-1G,5257417,LVXO,1227,,,01/09/2025,MANU
109,DERMA,MAGNIFYING LIGHT,RLL122T,2314014041,WALDMANN,1239,,,01/09/2025,MANU
110,DERMA,MAGNIFYING LIGHT,RLLQ48R,2400651308,WALDMANN,1247,,,01/09/2025,MANU
111,DERMA,MAGNIFYING LIGHT,WM52FL,GA02653,PHILIPS BORTON,1250,,,01/09/2025,JAYAPRAKASH
112,DERMA,MAGNIFYING LIGHT,RLLQ48R,2400651310,WALDMANN,1254,,,01/09/2025,NIXON
113,DERMA,MAGNIFYING LIGHT,RLL122T,2314014024,WALDMANN,1258,,,01/10/2025,MANU
114,DERMA,MAGNIFYING LIGHT,RIL-122-T,2314014015,WALDMANN,1292,,,01/10/2025,JAYAPRAKASH
115,DERMA,PATIENT BED,LA6018MAPL,058488,CORONA,1205,,,01/01/2025,MANU
116,DERMA,PATIENT BED,LA6018MAPL,058420,CORONA,1219,,,01/01/2025,JAYAPRAKASH
117,DERMA,PATIENT BED,LA6018MAPL,058444,CORONA,1244,,,01/01/2025,NIXON
118,DERMA,PATIENT BED,LA6018MAPL,058462,CORONA,1282,,,01/01/2025,MANU
119,DERMA,REFRIGERATOR,DK172Q-L2U,11074DAW900013K,SAMSUNG,1025,,,01/11/2025,JAYAPRAKASH
120,DERMA,STABILISER,RE3M92,6A3AA0002,SALICRU,1013,,,01/06/2025,NIXON
121,DERMA,STABILISER,RE3-M-9-2,6A388000002,SALICRU,1017,,,01/07/2025,NIXON
122,DERMA,STABILISER,RE3EM92,16D0292133,SALICRU,1284,,,01/10/2025,MANU
123,DERMA,STABILIZER,RE3-M-9-2,6A3AA600002,SALICRU,1008,,,01/05/2025,MANU
124,DERMA,STABILIZER,RE3M92,16D0292137,SALICRU,1027,,,01/07/2025,NIXON
125,DERMA,STABILIZER,RE3M92,16D0292131,SALICRU,1028,,,01/07/2025,JAYAPRAKASH
126,DERMA,STABILIZER,RE3M92,16D0292138,SALICRU,1031,,,01/07/2025,NIXON
127,DERMA,STABILIZER,RE3M92,16D0292128,SALICRU,1033,,,01/08/2025,NIXON
128,DERMA,STABILIZER,RE3M92,16D0292141,SALICRU,1035,,,01/08/2025,JAYAPRAKASH
129,DERMA,STABILIZER,RE3-M-9-2,16D0292142,SALICRU,1204,,,01/08/2025,JAYAPRAKASH
130,DERMA,STABILIZER,RE3M92CO,433439,SALICRU,1217,,,01/08/2025,NIXON
131,DERMA,VOLTAGE STABILIZER,RE3M 9-2,16D0292139,SALICRU,1241,,,01/03/2025,MANU
132,DERMA,VOLTAGE STABILIZER,RE3M 9-2,16D0292134,SALICRU,1214,,,01/04/2025,JAYAPRAKASH
133,DERMA,VOLTAGE STABILIZER,RE3M 9-2,16D0292135,SALICRU,1278,,,01/04/2025,NIXON
134,DERMA,VOLTAGE STABILIZER,RE3M 9-2,16D0292125,SALICRU,1279,,,01/04/2025,MANU
135,DERMA,VOLTAGE STABILIZER,RE3M 9-2,416352,SALICRU,1277,,,01/04/2025,NIXON
136,DERMA,VOLTAGE STABILIZER,LYRA 5K,LL0050200 5R2,ORTAE,1264,,,01/04/2025,NIXON
137,DERMA,VOLTAGE STABILIZER,RE3M 9-2,16D0292126,SALICRU,1209,,,01/05/2025,JAYAPRAKASH
138,DERMA,VOLTAGE STABILIZER,RE3M 9-2,N-A 36,SALICRU,1263,,,01/05/2025,JAYAPRAKASH
139,DERMA,VOLTAGE STABILIZER,RE3M9-2,416350,SALICRU,1294,,,01/11/2025,MANU
140,ENDOS,BP APPARATUS ,STANDBY ,SW7425,BAUMANOMETER ,1322,,,01/02/2025,MANU
141,ENDOS,COLOR VIDEO PRINTER,UD25-MD,720775,SONY,1316,,,01/02/2025,NIXON
142,ENDOS,COLOUR VIDEO PRINTER,UP-25MD,741673,SONY,1303,,,01/03/2025,JAYAPRAKASH
143,ENDOS,EMERGENCY TROLLEY,GENERIC ,N-A 37,LOCAL SUPPLY,1310,,,01/04/2025,SUJITH
144,ENDOS,EXAMINATION  LIGHT,KSQ3,13485,IKEA,1319,,,01/12/2025,MANU
145,ENDOS,EXAMINATION  LIGHT,PREMALED-FLEX,4947,RIMSA,1305,,,01/06/2025,MANU
146,ENDOS,EXAMINATION TABLE ,GENERIC ,N-A 38,LOCAL SUPPLY,1330,,,01/06/2025,MANU
147,ENDOS,EXAMINATION TABLE ,GENERIC ,N-A 39,LOCAL SUPPLY,1331,,,01/07/2025,JAYAPRAKASH
148,ENDOS,HD VIDEO RECORDER,HVO-550MD,120046,SONY,1302,,,01/08/2025,NIXON
149,ENDOS,HD VIDEO RECORDER,HVO-550MD,114388,SONY,1317,,,01/08/2025,MANU
150,ENDOS,PATIENT TRANSFER TROLLEY,GENERIC ,N-A 40,UMMI MEDICAL,1326,,,01/10/2025,SUJITH
151,ENDOS,PATIENT TRANSFER TROLLEY,GENERIC ,N-A 41,UMMI MEDICAL,1327,,,01/10/2025,MANU
152,ENDOS,PATIENT GRANSFER  TROLLEY,GENERIC ,N-A 42,UMMI MEDICAL,1311,,,01/11/2025,NIXON
153,ENDOS,REFRIGERATOR,MDRD142FG34,341-C4522701,MIDEA,1325,,,01/12/2025,MANU
154,ENT,EXAMINATION BED ,GENERIC ,N-A 43,LOCAL SUPPLY,1150,,,01/08/2025,MANU
155,ENT,LIGHT SOURCE,2016220,TL10878,KARL STORZ GERMANY ,1164,,,01/09/2025,NIXON
156,ENT,MONITOR ,TM220,28633032 ,KARL STORZ GERMANY ,1161,,,01/10/2025,JAYAPRAKASH
157,ENT,THERMAL PRINTER,LQ-619,LKXH093388,EPSON,1145,,,01/09/2025,SUJITH
158,ENT,XRAY VIEWER,GENERIC ,N-A 44,LOCAL SUPPLY,1147,,,01/09/2025,MANU
159,ER,AMBULANCE TROLLEY,POWER PRO -XT ,202200044,STRYKER,1579,,,01/07/2025,MANU
160,ER,AMBULANCE TROLLEY,POWER PRO -XT ,202200045,STRYKER,1580,,,01/07/2025,SUJITH
161,ER,AMBULANCE TROLLEY,POWER PRO -XT ,202200094,STRYKER,1581,,,01/07/2025,JAYAPRAKASH
162,ER,AMBULANCE TROLLEY-1,POWER PRO -XT ,202200069,STRYKER,1582,,,01/08/2025,ARUN
163,ER,BP APPARATUS,STANDBY,SX5128,BAUMANOMETER,1513,,,01/02/2025,JAYAPRAKASH
164,ER,BP APPARATUS,STANDBY,SX5122,BAUMANOMETER,1525,,,01/03/2025,JAYAPRAKASH
165,ER,BP APPARATUS,STANDBY,SX5123,BAUMANOMETER,1527,,,01/03/2025,NIXON
166,ER,BP APPARATUS,STANDBY,SX5132,BAUMANOMETER,1528,,,01/03/2025,MANU
167,ER,BP APPARATUS,ROLL BY,9117373-,WABAUM CO,1535,,,01/04/2025,ARUN
168,ER,BP APPARATUS,ROLL BY,4190737,WA BAUMCO,1543,,,01/04/2025,SUJITH
169,ER,BP APPARATUS,STAND BY,SX5186,BAUMANOMETER,1544,,,01/04/2025,JAYAPRAKASH
170,ER,BP APPARATUS,STAND BY,SX5125,BAUMANOMETER,1547,,,01/05/2025,NIXON
171,ER,BP APPARATUS,STAND BY,SX6697,BAUMANOMETER,1553,,,01/05/2025,JAYAPRAKASH
172,ER,BP APPARATUS,STAND BY,SX5136,BAUMANOMETER,1575,,,01/07/2025,ARUN
173,ER,BP APPARATUS,STAND BY,SX5126,BAUMANOMETER,1604,,,01/09/2025,MANU
174,ER,BP APPARATUS,STAND BY,SX2277,BAUMANOMETER,1621,,,01/10/2025,NIXON
175,ER,BP APPARATUS,ROLL BY,4190763,W.A BAUM CO.,2650,,,12/01/2025,MANU
176,ER,BP APPARATUS,ROLL BY,4190740,W.A BAUM CO.,1433,,,01/11/2025,MANU
177,ER,BP APPARATUS,ROLL BY,4190768,W.A BAUM CO.,2652,,,12/12/2025,MANU
178,ER,BP APPARATUS,STAND BY,SX2281,BAUMANOMETER,2281,,,12/12/2025,MANU
179,ER,BP APPARATUS,ROLL BY,9117373,W.A BAUM CO.,2652,,,01/01/2025,NIXON
180,ER,BP APPARATUS,ROLL BY,4190774,W.A BAUM CO.,2653,,,01/01/2025,NIXON
181,ER,CAST CUTTER,SG-100-01,10132,SCHREIBER,1569,,,01/12/2025,NIXON
182,ER,EXAMINATION BED ,GENERIC ,N-A 45,NUOVA,1522,,,01/03/2025,MANU
183,ER,EXAMINATION BED ,GENERIC ,K-02-02092,MEDITRON,1664,,,01/11/2025,NIXON
184,ER,EXAMINATION BED ,GENERIC ,N-A 46,LOCAL SUPPLY,1666,,,01/11/2025,NIXON
185,ER,EXAMINATION LIGHT,GENERIC ,N-A 47,IKEA,1499,,,01/01/2025,MANU
186,ER,EXAMINATION LIGHT,GENERIC ,N-A 48,FAZZINI,1507,,,01/01/2025,NIXON
187,ER,EXAMINATION LIGHT,GENERIC ,N-A 49,IKEA,1508,,,01/01/2025,MANU
188,ER,EXAMINATION LIGHT,A9504,N-A 50,IKEA,1509,,,01/02/2025,SUJITH
189,ER,EXAMINATION LIGHT,GENERIC ,N-A 51,IKEA,1514,,,01/02/2025,ARUN
190,ER,EXAMINATION LIGHT,GENERIC ,N-A 52,IKEA,1517,,,01/02/2025,SUJITH
191,ER,EXAMINATION LIGHT,GENERIC ,N-A 53,IKEA,1520,,,01/03/2025,ARUN
192,ER,EXAMINATION LIGHT,A9504,N-A 54,IKEA,1521,,,01/03/2025,NIXON
193,ER,EXAMINATION LIGHT,A9504,N-A 55,IKEA,1523,,,01/03/2025,SUJITH
194,ER,EXAMINATION LIGHT,KS-Q3,N-A 56,IKEA,1541,,,01/04/2025,MANU
195,ER,EXAMINATION LIGHT,A9504,N-A 57,IKEA,1554,,,01/05/2025,ARUN
196,ER,EXAMINATION LIGHT,A9504,N-A 58,IKEA,1559,,,01/05/2025,SUJITH
197,ER,EXAMINATION LIGHT,A9504,1345,IKEA,1563,,,01/06/2025,JAYAPRAKASH
198,ER,EXAMINATION LIGHT,A9504,1215,IKEA,1568,,,01/06/2025,SUJITH
199,ER,EXAMINATION LIGHT,A9504,N-A 59,IKEA,1578,,,01/07/2025,NIXON
200,ER,EXAMINATION LIGHT,GENERIC ,N-A 60,LOCAL SUPPLY,1436,,,01/08/2025,MANU
201,ER,EXAMINATION LIGHT,GENERIC ,N-A 61,LOCAL SUPPLY,2679,,,01/11/2025,NIXON
202,ER,GLUCOMETER,VERIO,(21)KCNMLHQP,LIFESCAN INC. ,1533,,,01/12/2025,NIXON
203,ER,GLUCOMETER,VERIO,SNWBFNGO9W,LIFESCAN INC. ,2779,,,01/12/2025,NIXON
204,ER,GLUCOMETER,VERIO,(21)KCNPQZV5,LIFESCAN INC. ,2778,,,01/12/2025,NIXON
205,ER,GLUCOMETER,VERIO,SNWBFKPOLO,LIFESCAN INC. ,2776,,,01/12/2025,NIXON
206,ER,PATIENT BED,GENERIC ,N-A 62,MEDITRON,1502,,,01/01/2025,SUJITH
207,ER,PATIENT BED,GENERIC ,N-A 63,MEDITRON,1504,,,01/01/2025,JAYAPRAKASH
208,ER,PATIENT BED,UMMI,N-A 64,LOCAL SUPPLY,1505,,,01/01/2025,ARUN
209,ER,PATIENT BED,GENERIC ,N-A 65,LOCAL SUPPLY,1515,,,01/02/2025,NIXON
210,ER,PATIENT BED,GENERIC ,N-A 66,LOCAL SUPPLY,1516,,,01/02/2025,MANU
211,ER,PATIENT BED,GENERIC ,N-A 67,MEDITRON,1519,,,01/02/2025,JAYAPRAKASH
212,ER,PATIENT BED,AV4022,1093917,GIVAS,1532,,,01/04/2025,JAYAPRAKASH
213,ER,PATIENT BED,550/CB,690224,HOSKINS MEDICAL,1541,,,01/04/2025,NIXON
214,ER,PATIENT BED,LA6018MAPL,058443,CORONA MEDICAL ,1550,,,01/05/2025,MANU
215,ER,PATIENT BED,LA6018MAPL,058461,CORONA MEDICAL ,1551,,,01/05/2025,SUJITH
216,ER,PATIENT BED,LA6018MAPL,N-A 261,CORONA MEDICAL ,1555,,,01/05/2025,NIXON
217,ER,PATIENT BED,LA6018MAPL,058445,CORONA MEDICAL ,1556,,,01/06/2025,MANU
218,ER,PATIENT BED,LA6018MAPL,058435,CORONA MEDICAL ,1564,,,01/05/2025,ARUN
219,ER,PATIENT BED,LA6018MAPL,058425,CORONA MEDICAL ,1566,,,01/05/2025,MANU
220,ER,PATIENT BED,GENERIC ,N-A 68,LOCAL SUPPLY,1572,,,01/07/2025,JAYAPRAKASH
221,ER,PATIENT BED,GENERIC ,N-A 69,LOCAL SUPPLY,1586,,,01/08/2025,SUJITH
222,ER,PATIENT BED,GENERIC ,N-A 70,LOCAL SUPPLY,1590,,,01/08/2025,JAYAPRAKASH
223,ER,PATIENT BED,GENERIC ,N-A 71,LOCAL SUPPLY,1595,,,01/08/2025,ARUN
224,ER,PATIENT BED,GENERIC ,N-A 72,LOCAL SUPPLY,1598,,,01/08/2025,NIXON
225,ER,PATIENT BED,GENERIC ,N-A 73,LOCAL SUPPLY,1600,,,01/09/2025,MANU
226,ER,PATIENT BED,GENERIC ,N-A 74,Meditron,1618,,,01/10/2025,NIXON
227,ER,PATIENT BED,GENERIC ,N-A 75,LOCAL SUPPLY,1663,,,01/11/2025,NIXON
228,ER,PATIENT TRANSFER TROLLEY,GENERIC ,N-A 76,UMMI,1583,,,01/08/2025,NIXON
229,ER,PATIENT TRANSFER TROLLEY,GENERIC ,N-A 77,UMMI,1584,,,01/08/2025,MANU
230,ER,SUCTION MACHINE,CVR6-1229,GFHL50714,OHIO MEDICAL CORP. ,1565,,,01/06/2025,NIXON
231,ER,WEIGHING SCALE,PETECTO,N-A 78,DETECTO,1526,,,01/03/2025,ARUN
232,ER,WEIGHING SCALE,DETECTO,N-A 79,DETECTO,1545,,,01/05/2025,ARUN
233,ER,WHEEL CHAIR,ECOTEC 2G,4S2404100017,DEVILBISS,1608,,,01/09/2025,MANU
234,ER,WHEEL CHAIR,ECOTEC 2G,4S2308100076-,DEVILBISS,1609,,,01/09/2025,MANU
235,ER,WHEEL CHAIR,ECOTEC 2G,4S2404100002,DEVILBISS,1610,,,01/09/2025,MANU
236,ER,WHEEL CHAIR,ECOTEC 2G,4S2404100007,DEVILBISS,1611,,,01/09/2025,MANU
237,ER,WHEEL CHAIR,ECOTEC 2G,4S2308100095,DEVILBISS,1612,,,01/09/2025,MANU
238,ER,WHEEL CHAIR,ECOTEC 2G,4S2308100056,DEVILBISS,1613,,,01/10/2025,MANU
239,ER,WHEEL CHAIR,ECOTEC 2G,4S2308100084,DEVILBISS,1614,,,01/10/2025,MANU
240,ER,WHEEL CHAIR,ECOTEC 2G,4S2404100027,DEVILBISS,1615,,,01/10/2025,MANU
241,ER,WHEEL CHAIR,ECOTEC 2G,4S2404100035,DEVILBISS,1616,,,01/10/2025,NIXON
242,ER,WHEEL CHAIR,ECOTEC 2G,4S2404100004,DEVILBISS,1617,,,01/10/2025,JAYAPRAKASH
243,ER,WHEEL CHAIR,ECOTEC 2G,4S2308100076,DEVILBISS,2766,,,01/12/2025,MANU
244,ER,WHEEL CHAIR,ECOTEC 2G,4S2404100032,DEVILBISS,2767,,,01/11/2025,NIXON
245,ER,WHEEL CHAIR,GENERIC ,8870643,LOCAL SUPPLY,2768,,,01/11/2025,NIXON
246,ER,WHEEL CHAIR,GENERIC ,SDLY23209983,LOCAL SUPPLY,2769,,,01/11/2025,NIXON
247,ER,WHEEL CHAIR,GENERIC ,956LQ55,LOCAL SUPPLY,2770,,,01/11/2025,NIXON
248,ER,X RAY VIEWER,GENERIC ,N-A 80,LOCAL SUPPLY,1431,,,01/11/2025,NIXON
249,ER,XRAY VIEWER,GENERIC ,N-A 81,LOCAL SUPPLY,1529,,,01/04/2025,SUJITH
250,ER,XRAY VIEWER,GENERIC ,N-A 82,LOCAL SUPPLY,1620,,,01/10/2025,NIXON
251,ER,XRAY VIEWER,GENERIC ,N-A 83,LOCAL SUPPLY,1665,,,01/11/2025,NIXON
252,ER,XRAY VIEWER,GENERIC ,N-A 84,LOCAL SUPPLY,1669,,,01/12/2025,NIXON
253,ER,XRAY VIEWER,GENERIC ,N-A 85,LOCAL SUPPLY,1419,,,01/11/2025,NIXON
254,IM,BP APPARATUS,BOSO,1002700,BOSO,2658,,,01/01/2025,JAYAPRAKASH
255,IM,BP APPARATUS,BOSO,1002693,BOSO,2657,,,02/01/2025,JAYAPRAKASH
256,IM,BP APPARATUS,BOSO,1002690,BOSO,2656,,,03/01/2025,JAYAPRAKASH
257,IM,BP APPARATUS,BOSO,1002698,BOSO,2659,,,04/01/2025,JAYAPRAKASH
258,IM,EXAMINATION BED,GENERIC ,N-A 86,LOCAL SUPPLY,1342,,,01/01/2025,MANU
259,IM,EXAMINATION BED,GENERIC ,N-A 87,NOUVA OMSA,1346,,,02/01/2025,MANU
260,IM,EXAMINATION BED,GENERIC ,N-A 88,FAZZINI,1350,,,03/01/2025,MANU
261,IM,EXAMINATION BED,GENERIC ,N-A 89,"NOUVA, OMSA ",1354,,,04/01/2025,MANU
262,IM,EXAMINATION BED,GENERIC ,N-A 90,LOCAL SUPPLY,1358,,,05/01/2025,MANU
263,IM,EXAMINATION BED,GENERIC ,N-A 91,NOUVA,1364,,,06/01/2025,MANU
264,IM,EXAMINATION BED,GENERIC ,N-A 92,Nouva Omsa,1338,,,07/01/2025,MANU
265,IM,EXAMINATION BED,GENERIC ,N-A 93,LOCAL SUPPLY,1366,,,08/01/2025,MANU
266,IM,EXAMINATION BED,GENERIC ,N-A 94,LOCAL SUPPLY,1370,,,09/01/2025,MANU
267,IM,EXAMINATION BED,GENERIC ,42,MEDITRON,1376,,,10/01/2025,MANU
268,IM,EXAMINATION BED,GENERIC ,N-A 95,FAZZINI,1382,,,11/01/2025,MANU
269,IM,EXAMINATION BED,GENERIC ,N-A 96,FAZZINI,1386,,,12/01/2025,MANU
270,IM,EXAMINATION BED,GENERIC ,N-A 97,LOCAL SUPPLY,1391,,,13/01/2025,MANU
271,IM,EXAMINATION BED,AB4022,1043546,GIVAS,1394,,,14/01/2025,MANU
272,IM,EXAMINATION BED,GENERIC ,N-A 98,NOUVA,1399,,,15/01/2025,MANU
273,IM,EXAMINATION BED,GENERIC ,N-A 99,LOCAL SUPPLY,1424,,,05/01/2025,JAYAPRAKASH
274,IM,EXAMINATION LIGHT,KS-Q3,N-A 100,LOCAL SUPPLY,1337,,,01/02/2025,MANU
275,IM,EXAMINATION LIGHT,KS-Q3,M3493,IKEA,1340,,,02/02/2025,MANU
276,IM,EXAMINATION LIGHT,KS-23,N-A 101,LOCAL SUPPLY,1347,,,03/02/2025,MANU
277,IM,EXAMINATION LIGHT,GENERIC ,N-A 102,KS-Q3,1351,,,04/02/2025,MANU
278,IM,EXAMINATION LIGHT,KS-Q3,N-A 103,LOCAL SUPPLY,1355,,,05/02/2025,MANU
279,IM,EXAMINATION LIGHT,KS-Q35,N-A 104,LOCAL SUPPLY,1359,,,06/02/2025,MANU
280,IM,EXAMINATION LIGHT,GENERIC ,N-A 105,TORRE,1363,,,07/02/2025,MANU
281,IM,EXAMINATION LIGHT,KS-Q3,N-A 106,LOCAL SUPPLY,1375,,,08/02/2025,MANU
282,IM,XRAY VIEWER,GENERIC ,N-A 107,LOCAL SUPPLY,1335,,,09/02/2025,JAYAPRAKASH
283,IM,XRAY VIEWER,GENERIC ,N-A 108,LOCAL SUPPLY,1345,,,10/02/2025,JAYAPRAKASH
284,IM,XRAY VIEWER,GENERIC ,N-A 109,LOCAL SUPPLY,1352,,,01/03/2025,JAYAPRAKASH
285,IM,XRAY VIEWER,GENERIC ,N-A 110,PHARMA-ITALY,1356,,,02/03/2025,JAYAPRAKASH
286,IM,XRAY VIEWER,GENERIC ,N-A 111,LOCAL SUPPLY,1360,,,03/03/2025,JAYAPRAKASH
287,IM,XRAY VIEWER,GENERIC ,N-A 112,LOCAL SUPPLY,1365,,,04/03/2025,JAYAPRAKASH
288,IM,XRAY VIEWER,WEM730,764,LKL,1369,,,05/03/2025,JAYAPRAKASH
289,IM,XRAY VIEWER,GENERIC ,1307,LOCAL SUPPLY,1383,,,06/03/2025,JAYAPRAKASH
290,IM,XRAY VIEWER,GENERIC ,N-A 113,LOCAL SUPPLY,1384,,,07/03/2025,JAYAPRAKASH
291,IM,XRAY VIEWER,GENERIC ,N-A 114,LOCAL SUPPLY,1388,,,08/03/2025,JAYAPRAKASH
292,IM,XRAY VIEWER,GENERIC ,1316,LOCAL SUPPLY,1403,,,09/03/2025,JAYAPRAKASH
293,LAB.,AUTOMATIC PIPETTE,LAMBDA PLUS,458250733,CORNING,1707,,,01/04/2025,NIXON
294,LAB.,AUTOMATIC PIPETTE,100-1000UL,YE223AX0100240,PLABSCI,1708,,,01/04/2025,NIXON
295,LAB.,AUTOMATIC PIPETTE,5-50 UL,960530019,CORNING,1709,,,01/04/2025,JAYAPRAKASH
296,LAB.,AUTOMATIC PIPETTE,LAMBDA PLUS,458260073,CORNING,1710,,,01/04/2025,JAYAPRAKASH
297,LAB.,AUTOMATIC PIPETTE,LAMBDA PLUS,458250736,CORNING,1711,,,01/04/2025,JAYAPRAKASH
298,LAB.,AUTOMATIC PIPETTE,100-1000UL,SC916692,MYPETTE PRO,1712,,,01/04/2025,NIXON
299,LAB.,AUTOMATIC PIPETTE,LAMBDA PLUS,458250706,CORNING,1713,,,01/04/2025,SUJITH
300,LAB.,AUTOMATIC PIPETTE,LAMBDA PLUS,A60560206,CORNING,1714,,,01/04/2025,ARUN
301,LAB.,AUTOMATIC PIPETTE,20-200UL,YE223AX0130233,DRAGON LAB,1731,,,01/05/2025,SUJITH
302,LAB.,AUTOMATIC PIPETTE,P20,Z54185B,GILSON,1732,,,01/05/2025,ARUN
303,LAB.,AUTOMATIC PIPETTE,LAMBDA PLUS,458220194,CORNING,1733,,,01/05/2025,ARUN
304,LAB.,AUTOMATIC PIPETTE,LAMBDA PLUS,458230251,CORNING,1734,,,01/05/2025,SUJITH
305,LAB.,AUTOMATIC PIPETTE,LAMBDA ELITE,9605300,CORNING,1738,,,01/05/2025,NIXON
306,LAB.,AUTOMATIC PIPETTE,LAMBDA ELITE,A60550190,CORNING,1739,,,01/06/2025,NIXON
307,LAB.,AUTOMATIC PIPETTE,25UL,99395,HAMILTON,1760,,,01/06/2025,JAYAPRAKASH
308,LAB.,ELECTRIC BLOOD CHAIR,EL 35 B,220309K010,CONFY CARE,1719,,,01/05/2025,NIXON
309,LAB.,ELECTRIC BLOOD CHAIR,EL 35 B,220309KO12,CONFY CARE,1720,,,01/05/2025,NIXON
310,LAB.,EXAMINATION LIGHT,A9504,17796,IKEA,1726,,,01/05/2025,NIXON
311,LAB.,REFRIGERATOR,11 VESTEL ,422988201011220000,VESTEL,1717,,,01/04/2025,ARUN
312,LAB.,REFRIGERATOR,11 VESTEL ,1176752789028040,VESTEL,1718,,,01/04/2025,SUJITH
313,LAB.,REFRIGERATOR,GR-M51UD-K,003878,TOSHIBA,1723,,,01/05/2025,JAYAPRAKASH
314,LAB.,REFRIGERATOR,GENERIC ,RDNE480K21W,BEKO,1724,,,01/05/2025,JAYAPRAKASH
315,LAB.,REFRIGERATOR,FR-3801,KE072E14340071,PAEWOO,1725,,,01/05/2025,JAYAPRAKASH
316,LAB.,REFRIGERATOR,WROG-455-NESSC6,6270351 066954,WANSA,1751,,,01/06/2025,JAYAPRAKASH
317,LAB.,REFRIGERATOR,GR332F,405KRBY00109,LG,1752,,,01/06/2025,JAYAPRAKASH
318,LAB.,REFRIGERATOR,GR-R42UT-K,008470,TOSHIBA,1765,,,01/06/2025,NIXON
319,LAB.,REFRIGERATOR,FRESH MULTI-FLOW,KE072E14330045,DAEWOO,1766,,,01/06/2025,SUJITH
320,LAB.,REFRIGERATOR,GENERIC ,KE145E52400140,DAEWOO,1767,,,01/06/2025,ARUN
321,LDR,BP APPARATUS,STANDBY,SX2284,BAUMANOMETER,2259,,,01/02/2025,NIXON
322,LDR,BP APPARATUS,STANDBY,SX2311,BAUMANOMETER,2273,,,02/02/2025,MANU
323,LDR,BP APPARATUS,STANDBY,SX2275,BAUMANOMETER,2287,,,01/04/2025,MANU
324,LDR,BP APPARATUS,STANDBY,SW3274,BAUMANOMETER,2293,,,01/04/2025,JAYAPRAKASH
325,LDR,BP APPARATUS,STANDBY,SX4294,BAUMANOMETER,2301,,,01/06/2025,NIXON
326,LDR,DELIVERY BED,DB3000-P,19SDB000469,LDL ADVANCED,2257,,,01/06/2025,MANU
327,LDR,DELIVERY BED,DB3000-B,19SDB000473,LDL ADVANCED,2265,,,01/08/2025,JAYAPRAKASH
328,LDR,DELIVERY BED,DB3000-B,19SDB000472,LKL,2276,,,01/08/2025,NIXON
329,LDR,DELIVERY BED,DB3000-P,19SDB000668,LKL,2296,,,01/10/2025,MANU
330,LDR,DELIVERY BED,DB3000-B,21SDB000667,LKL ADVANCED,2303,,,01/02/2025,MANU
331,LDR,DELIVERY BED,DB3000-P,21SDB000666,LKL,2312,,,01/02/2025,JAYAPRAKASH
332,LDR,DELIVERY BED,DB3000-P,19SDB000471,LKL,2334,,,01/04/2025,NIXON
333,LDR,DELIVERY BED,DB3000-P,19SDB000470,LKL,2283,,,01/04/2025,MANU
334,LDR,EXAMINATION LIGHT,PENTA28,27197,RIMSA,2254,,,01/06/2025,JAYAPRAKASH
335,LDR,EXAMINATION LIGHT,PENTA28,24682,RIMSA,2295,,,01/06/2025,NIXON
336,LDR,EXAMINATION LIGHT,PENTA28,029630,RIMSA,2308,,,01/08/2025,MANU
337,LDR,EXAMINATION LIGHT,021343,50601,MEDICAL ILLUMINATION,2306,,,01/08/2025,MANU
338,LDR,EXAMINATION LIGHT,021343,0413119,MEDICAL ILLUMINATION,2307,,,01/10/2025,JAYAPRAKASH
339,LDR,EXAMINATION LIGHT,021343,1215437,MEDICAL ILLUMINATION,2318,,,01/02/2025,NIXON
340,LDR,EXAMINATION LIGHT,021343,0210137,MEDICAL ILLUMINATION,2321,,,01/02/2025,MANU
341,LDR,NEBULIZER,INNOSPIRE DELUXE,14795,PHILIPS,2291,,,01/04/2025,JAYAPRAKASH
342,LDR,OBSERVATION LIGHT,PENTA28,27198,RIMSA,2258,,,01/04/2025,NIXON
343,LDR,OBSERVATION LIGHT,PENTA28,27192,RIMSA,2277,,,01/06/2025,MANU
344,LDR,OBSERVATION LIGHT,PENTA28,29629,RIMSA,2292,,,01/12/2025,JAYAPRAKASH
345,LDR,PATIENT TRANSFER TROLLEY,T800,N-A  78,UMMI MEDICAL,2280,,,01/06/2025,MANU
346,LDR,PT TRANSFER TROLLEY,T800,N-A  79,UMMI MEDICAL,2309,,,01/08/2025,JAYAPRAKASH
347,LDR,REFRIGERATOR,RS-22DR4HE,VB0168,WANSA,2278,,,01/08/2025,NIXON
348,LDR,REFRIGERATOR,GENERIC ,N-A 115,BEKO,2290,,,01/10/2025,MANU
349,LDR,VIDEOGRAPHIC PRINTER,UP-897MD,181923,SONY,2333,,,01/11/2025,JAYAPRAKASH
350,NICU,BABY CRIB,GENERIC ,N-A 116,LOCAL SUPPLY,1931,,,01/04/2025,NIXON
351,NICU,BABY CRIB,GENERIC ,8435392250122,INVO CL,1932,,,01/04/2025,NIXON
352,NICU,BABY CRIB,GENERIC ,N-A 117,LOCAL SUPPLY,1933,,,01/05/2025,NIXON
353,NICU,BABY CRIB,GENERIC ,N-A 118,LOCAL SUPPLY,1934,,,01/05/2025,NIXON
354,NICU,BABY CRIB,GENERIC ,N-A 119,LOCAL SUPPLY,1945,,,01/06/2025,MANU
355,NICU,BABY CRIB,GENERIC ,N-A 120,LOCAL SUPPLY,1949,,,01/06/2025,MANU
356,NICU,BABY CRIB,GENERIC ,N-A 121,LOCAL SUPPLY,1955,,,01/07/2025,ARUN
357,NICU,BABY CRIB,GENERIC ,N-A 122,LOCAL SUPPLY,1956,,,01/07/2025,ARUN
358,NICU,BABY CRIB,GENERIC ,N-A 123,LOCAL SUPPLY,1957,,,01/07/2025,SUJITH
359,NICU,BABY CRIB,GENERIC ,N-A 124,LOCAL SUPPLY,1958,,,01/07/2025,SUJITH
360,NICU,BABY CRIB,GENERIC ,N-A 125,LOCAL SUPPLY,1959,,,01/07/2025,SUJITH
361,NICU,BABY CRIB,GENERIC ,N-A 126,LOCAL SUPPLY,1960,,,01/07/2025,SUJITH
362,NICU,BABY CRIB,GENERIC ,N-A 127,LOCAL SUPPLY,1961,,,01/08/2025,JAYAPRAKASH
363,NICU,BABY CRIB,GENERIC ,N-A 128,LOCAL SUPPLY,1962,,,01/08/2025,JAYAPRAKASH
364,NICU,BABY CRIB,GENERIC ,N-A 129,LOCAL SUPPLY,1963,,,01/08/2025,JAYAPRAKASH
365,NICU,BABY CRIB,GENERIC ,N-A 130,LOCAL SUPPLY,1975,,,01/08/2025,NIXON
366,NICU,ERO-SCAN,ERO-SCAN,ME3005596,MAICO DIAGNOSTIC GMBH.,1954,,,01/06/2025,ARUN
367,NICU,EXAMINATION LIGHT,A9504,N-A 131,IKEA,1470,,,01/04/2025,ARUN
368,NICU,EXAMINATION LIGHT,A9504,N-A 132,IKEA,1471,,,01/05/2025,ARUN
369,NICU,EXAMINATION LIGHT,A9504,N-A 133,IKEA,1480,,,01/07/2025,SUJITH
370,NICU,EXAMINATION LIGHT,A9504,N-A 134,IKEA,1489,,,01/09/2025,SUJITH
371,NICU,EXAMINATION LIGHT,A9504,N-A 135,IKEA,1497,,,01/04/2025,JAYAPRAKASH
372,NICU,HEATING LAMP,MAG150,106034580,MAGMA,1942,,,01/05/2025,MANU
373,NICU,LAMP HEATING,MAG150,6034587,MAGMA,1953,,,01/06/2025,MANU
374,NICU,NEBULIZER,INNOSPIRE DELUXE,113592,RESPIRONICS,1475,,,01/06/2025,SUJITH
375,NICU,REFRIGERATOR,MDR-D26AFGE,341-3100011A,MIDEA,1927,,,01/04/2025,JAYAPRAKASH
376,NICU,REFRIGERATOR,WRTG125NFSC,312330205909,WANSA,1928,,,01/04/2025,JAYAPRAKASH
377,NICU,STABILIZER,45580,VO202672-0619VT,VEGA,1453,,,01/03/2025,ARUN
378,NICU,TV-100,TV-100,TX1501071,BIO-MED DEVICES,1973,,,01/08/2025,NIXON
379,NICU,XRAY VIEWER,GENERIC ,N-A 136,LOCAL SUPPLY,1481,,,01/08/2025,SUJITH
380,OB1,BP APPARATUS,STAND BY,4190772,BAUMANOMETER,2421,,,01/11/2025,MANU
381,OB1,BP APPARATUS,STAND BY,2397,BAUMANOMETER,2528,,,01/11/2025,MANU
382,OB2,BP APPARATUS,STAND BY,SX2286,BAUMANOMETER,1121,,,01/11/2025,SUJITH
383,OB2,BP APPARATUS,STAND BY,SX5113-,BAUMANOMETER,2558,,,01/11/2025,JAYAPRAKASH
384,OB2,BP APPARATUS,STAND BY,SX4292-,BAUMANOMETER,2674,,,01/11/2025,JAYAPRAKASH
385,OB2,BP APPARATUS,STAND BY,SX4303,BAUMANOMETER,1784,,,01/11/2025,JAYAPRAKASH
386,OB3,BP APPARATUS,STAND BY,SX2277-,BAUMANOMETER,1422,,,01/11/2025,SUJITH
387,OB3,BP APPARATUS,STAND BY,SW3266,BAUMANOMETER,2394,,,01/11/2025,SUJITH
388,OB3,BP APPARATUS,STAND BY,SX2298,BAUMANOMETER,1798,,,01/11/2025,SUJITH
389,OBG,BP APPARATUS,ROLL-BY,4190746,WA-BAUMO,1852,,,01/09/2025,SUJITH
390,OBG,BP APPARATUS,ROLL-BY,10118166,W.A BAUM CO,1899,,,01/10/2025,MANU
391,OBG,BP APPARATUS,ROLL-BY,1011810,WA-BAUM CO,1922,,,01/11/2025,SUJITH
392,OB-OLD,ELECTRIC WEIGHING SCALE,WB-3000,13010109,TANITA ,1789,,,01/06/2025,MANU
393,OB-OLD,ELECTRIC WEIGHING SCALE,WB-3000,13010166,TANITA ,1794,,,01/06/2025,MANU
394,OBG,ELECTRO SURGICALUNITSMT BMM,Surtron,54787006,CEDSPA,1902,,,01/11/2025,MANU
395,OB-OLD,EXAM LIGHT,HP20R,612353,LOCAL SUPPLY,1792,,,01/06/2025,MANU
396,OB1,EXAMINATION BED ,GENERIC ,N-A 137,NOUVA OMSA ,1791,,,01/06/2025,MANU
397,OB1,EXAMINATION BED ,LA6018MAPL,023221,CORONA,1801,,,01/06/2025,JAYAPRAKASH
398,OB1,EXAMINATION BED ,GENERIC ,N-A 138,FAZZINI,1819,,,01/08/2025,NIXON
399,OB1,EXAMINATION BED ,GENERIC ,N-A 139,LOCAL SUPPLY,1828,,,01/08/2025,MANU
400,OB1,EXAMINATION BED ,GENERIC ,N-A 140,NUVO,1835,,,01/08/2025,MANU
401,OB1,EXAMINATION BED ,GENERIC ,N-A 141,LOCAL SUPPLY,1841,,,01/08/2025,SUJITH
402,OB3,EXAMINATION BED ,GENERIC ,N-A 142,MEDITRON,1856,,,01/09/2025,NIXON
403,OBG,EXAMINATION BED ,AV4022,001093911,GIVAS,1795,,,01/06/2025,SUJITH
404,OBG,EXAMINATION BED ,GENERIC ,N-A 143,LOCAL SUPPLY,1848,,,01/08/2025,JAYAPRAKASH
405,OBG,EXAMINATION BED ,GENERIC ,N-A 144,LOCAL SUPPLY,1853,,,01/09/2025,SUJITH
406,OBG,EXAMINATION BED ,GENERIC ,N-A 145,NEDITRON,1864,,,01/09/2025,MANU
407,OBG,EXAMINATION BED ,GENERIC ,N-A 146,LOCAL SUPPLY,1867,,,01/09/2024,NIXON
408,OBG,EXAMINATION BED ,MODAV4022,001043537,GIVAS,1872,,,01/09/2025,MANU
409,OBG,EXAMINATION BED ,GENERIC ,N-A 147,LOCAL SUPPLY,1876,,,01/09/2025,MANU
410,OBG,EXAMINATION BED ,PA5243-03L,9011001-00031,PARAMOUNT,1897,,,01/09/2025,NIXON
411,OBG,EXAMINATION BED ,GENERIC ,N-A 148,NUVO,1912,,,01/11/2025,JAYAPRAKASH
412,OBG,EXAMINATION BED ,GENERIC ,N-A 149,MEDITRON,1923,,,01/11/2025,NIXON
413,OB3,EXAMINATION BED,GENERIC ,N-A 150,LOCAL SUPPLY,1366,,,01/11/2025,NIXON
414,OBG,EXAMINATION LIGHT,GENERIC ,N-A 151,VERRE ET QUARTZ,1796,,,01/06/2025,JAYAPRAKASH
415,OBG,EXAMINATION LIGHT,KS-Q3,N-A 152,LOCAL SUPPLY,1810,,,01/07/2025,NIXON
416,OBG,EXAMINATION LIGHT,DK303D,80148,KHIND,1815,,,01/07/2025,NIXON
417,OBG,EXAMINATION LIGHT,KS-Q3,N-A 153,LOCAL SUPPLY,1827,,,01/08/2025,NIXON
418,OBG,EXAMINATION LIGHT,KS-Q3,N-A 154,LOCAL SUPPLY,1834,,,01/08/2025,MANU
419,OBG,EXAMINATION LIGHT,KS-Q3,N-A 155,UZUMCU,1842,,,01/08/2025,JAYAPRAKASH
420,OBG,EXAMINATION LIGHT,KS-Q3,N-A 156,LOCAL SUPPLY,1847,,,01/08/2025,JAYAPRAKASH
421,OBG,EXAMINATION LIGHT,KS-Q3,N-A 157,LOCAL SUPPLY,1855,,,01/09/2025,NIXON
422,OBG,EXAMINATION LIGHT,KS-Q3,N-A 158,LOCAL SUPPLY,1863,,,01/09/2025,NIXON
423,OBG,EXAMINATION LIGHT,KS-Q3,N-A 159,LOCAL SUPPLY,1870,,,01/09/2025,MANU
424,OBG,EXAMINATION LIGHT,KS-Q6,N-A 160,LOCAL SUPPLY,1875,,,01/09/2025,MANU
425,OBG,EXAMINATION LIGHT,KS-Q3,N-A 161,LOCAL SUPPLY,1882,,,01/09/2025,JAYAPRAKASH
426,OBG,EXAMINATION LIGHT,KS-Q35,N-A 162,LOCAL SUPPLY,1889,,,01/09/2025,SUJITH
427,OBG,EXAMINATION LIGHT,21343,413118,MEDICAL ILLUMINATION,1892,,,01/10/2025,SUJITH
428,OBG,EXAMINATION LIGHT,KS-Q3,N-A 163,LOCAL SUPPLY,1895,,,01/09/2025,NIXON
429,OBG,EXAMINATION LIGHT,MOB LAMP,N-A 164,NUVO,1896,,,01/10/2025,NIXON
430,OBG,EXAMINATION LIGHT,KS-Q3,N-A 165,LOCAL SUPPLY,1907,,,01/11/2025,MANU
431,OBG,EXAMINATION LIGHT,KS-Q3,N-A 166,LOCAL SUPPLY,1911,,,01/11/2025,SUJITH
432,OBG,EXAMINATION LIGHT,KS-Q35,N-A 167,LOCAL SUPPLY,1917,,,01/11/2025,JAYAPRAKASH
433,OBG,EXAMINATION LIGHT,KS-Q3,N-A 168,LOCAL SUPPLY,1924,,,01/11/2025,NIXON
434,OBG,GEL WARMER,GENERIC ,092009B116,PARKER,1914,,,01/11/2025,JAYAPRAKASH
435,OBG,GEL WARMER,THERMASONIC,145005B116,PARKER,1920,,,01/11/2025,SUJITH
436,OBG,GYNAE EXAM.POUCH,GENERIC ,N-A 169,NUVO,1802,,,01/06/2025,JAYAPRAKASH
437,OBG,GYNAE EXAM.POUCH,GENERIC ,N-A 170,NUVO,1803,,,01/07/2025,SUJITH
438,OBG,GYNAE EXAM.POUCH,GENERIC ,N-A 171,FAZZINI,1901,,,01/11/2025,MANU
439,OBG,GYNAE.EXAM. BED,GENERIC ,N-A 172,LOCAL SUPPLY,1918,,,01/11/2025,SUJITH
440,OBG,PATIENT BED,GENERIC ,N-A 173,LOCAL SUPPLY,1883,,,01/10/2025,JAYAPRAKASH
441,OBG,PATIENT BED,GENERIC ,N-A 174,FAZZINI,1888,,,01/10/2025,SUJITH
442,OB3,PATIENT TROLLEY,GENERIC ,N-A 175,LOCAL SUPPLY,2706,,,01/11/2025,NIXON
443,OBG,PATIENT TROLLEY,GENERIC ,N-A 176,UMMI,1900,,,01/11/2025,NIXON
444,OBG,PT TRANSFER TROLLEY,GENERIC ,N-A 177,UMMI MEDICAL,1839,,,01/08/2028,MANU
445,OBG,PT TRANSFER TROLLEY,GENERIC ,N-A 178,LOCAL SUPPLY,1905,,,01/11/2025,MANU
446,OB3,REFRIGERATOR,GENERIC ,N-A 179,LOCAL SUPPLY,2707,,,01/11/2025,NIXON
447,OBG,REFRIGERATOR,GENERIC ,N-A 180,DAEWOO,1825,,,01/08/2025,MANU
448,OBG,STABILISER,RE3M92,17B0301699,SALICRU,1806,,,01/07/2025,SUJITH
449,OBG,VITAL SIGN MONITOR,IM3,261436-M19104710,EDAN,1851,,,01/08/2025,SUJITH
450,OB3,VOLTAGE REGULATOR,SVC-1000,N-A 181,LOCAL SUPPLY,101,,,01/11/2025,NIXON
451,OBG,VOLTAGE REGULATOR,ST2000W,N-A 182,AUTOSTAC,1805,,,01/07/2025,SUJITH
452,OBG,VOLTAGE REGULATOR,SD-2000W,N-A 183,AUTOSTAC,1885,,,01/09/2025,JAYAPRAKASH
453,OBG,XRAY VIEWER,683/03,N-A 184,LOCAL SUPPLY,1880,,,01/10/2025,SUJITH
454,OR , PATIENT BED ,LA6018NAPL,058448,Corona Medical,2343,,,01/07/2025,NIXON
455,OR ,BP APPARATUS,STAND BY,SX2294,BAUMANOMETER,2342,,,01/07/2025,JAYAPRAKASH
456,OR ,BP APPARATUS,STAND BY,SV1468,BAUMANOMETER,2224,,,01/07/2025,MANU
457,OR ,EXAMINATION LIGHT,MAC 150,107366820,ILLQ TECH,2225,,,01/04/2025,SUJITH
458,OR ,EXAMINATION LIGHT,MAC 150,107366826,ILLQ TECH,2230,,,01/04/2025,JAYAPRAKASH
459,OR ,PATIENT BED,GENERIC ,N-A 185,LOCAL SUPPLY,2337,,,01/06/2025,SUJITH
460,OR ,PATIENT BED,ELECTRIC BEDII,E0140051-0006,MEDISA,2348,,,01/07/2025,ARUN
461,OR ,PT TRANSFER TROLLEY,T800,GN50003378-00010,UMMI MEDICAL,2236,,,01/04/2025,NIXON
462,OR ,PT TRANSFER TROLLEY,T800,GN50003378-0009,UMMI MEDICAL,2237,,,01/04/2025,ARUN
463,OR ,PT TRANSFER TROLLEY,T800,GN50003378-0008,UMMI MEDICAL,2238,,,01/05/2025,MANU
464,OR ,PT TRANSFER TROLLEY,T800,GN50003378-0001,UMMI MEDICAL,2239,,,01/05/2025,SUJITH
465,OR ,PT TRANSFER TROLLEY,T800,GN50003378-0002,UMMI MEDICAL,2240,,,01/05/2025,JAYAPRAKASH
466,OR ,PT TRANSFER TROLLEY,T800,GN50003378-0007,UMMI MEDICAL,2241,,,01/05/2025,NIXON
467,OR ,PT TRANSFER TROLLEY,T800,GN50003378-0003,UMMI MEDICAL,2242,,,01/05/2025,ARUN
468,OR ,PT TRANSFER TROLLEY,T800,GN500032630003,UMMI MEDICAL,2243,,,01/05/2025,MANU
469,OR ,PT TRANSFER TROLLEY,T800,GN50003378-0004-,UMMI MEDICAL,2244,,,01/06/2025,SUJITH
470,OR ,PT TRANSFER TROLLEY,T800,GN50003378-0005,UMMI MEDICAL,2245,,,01/06/2025,JAYAPRAKASH
471,OR ,PT TRANSFER TROLLEY,T800,GN50003378-0006,UMMI MEDICAL,2246,,,01/06/2025,NIXON
472,OR ,PT TRANSFER TROLLEY,T800,GN50003263-0002,UMMI MEDICAL,2247,,,01/06/2025,ARUN
473,OR ,PT TRANSFER TROLLEY,T800,GN50003378-0004,UMMI MEDICAL,2248,,,01/06/2025,MANU
474,OR ,STABILISER,RE3009-2,17B0301686,SALICRU,2107,,,01/07/2025,SUJITH
475,OR ,STABILISER,RE3009-2,17B0301684,SALICRU,2121,,,01/07/2025,JAYAPRAKASH
476,OR ,STABILISER,RE3009-2240V,17B0302139,SALICRU,2212,,,01/08/2025,NIXON
477,OR ,VOITAGE STABILISER,SV-10000VA,N-A 186,ANDELI,2169,,,01/03/2025,MANU
478,OR ,VOLTAGE REGULATOR,SP2000W,N-A 187,AUTOSAC,2042,,,01/08/2025,ARUN
479,OR ,VOLTAGE REGULATOR,LYRA-1K,LL0010023-5019,ORTEA,2059,,,01/08/2025,MANU
480,OR ,VOLTAGE REGULATOR,SVC3000,N-A 188,STAVOL,2079,,,01/08/2025,SUJITH
481,OR ,VOLTAGE REGULATOR,ST2000W,N-A 189,AUTOSAC,2091,,,01/08/2025,JAYAPRAKASH
482,OR ,VOLTAGE REGULATOR,RE-3009-2,17B0302138,SALICRU,2272,,,01/08/2025,NIXON
483,OR ,VOLTAGE STABILISER,RE3009-2,17B0301685,SALICRU,2158,,,01/09/2025,ARUN
484,OR ,VOLTAGE STABILISER,RE3009-2,17B0301682,SALICRU,2180,,,01/09/2025,MANU
485,OR ,VOLTAGE STABILISER,RE-3069-2,M17B0301681,SALICRU,2191,,,01/09/2025,SUJITH
486,OR ,XRAY VIEWER,GENERIC ,N-A 190,LOCAL SUPPLY,2035,,,01/02/2025,MANU
487,OR ,XRAY VIEWER,GENERIC ,N-A 191,LOCAL SUPPLY,2354,,,01/02/2025,SUJITH
488,OR ,XRAY VIEWER,V80005358,408,FABRICADO,2106,,,01/02/2025,JAYAPRAKASH
489,OR ,XRAY VIEWER,GENERIC ,N-A 192,LOCAL SUPPLY,2124,,,01/02/2025,NIXON
490,OR ,XRAY VIEWER,GENERIC ,N-A 193,QALX,2163,,,01/02/2025,ARUN
491,OR ,XRAY VIEWER,GENERIC ,N-A 194,LOCAL SUPPLY,2176,,,01/03/2025,SUJITH
492,OR ,XRAY VIEWER,GENERIC ,N-A 195,PHARMA ITALY,2177,,,01/03/2025,JAYAPRAKASH
493,OR ,XRAY VIEWER,GENERIC ,N-A 196,LOCAL SUPPLY,2196,,,01/03/2025,NIXON
494,OR ,XRAY VIEWER,GENERIC ,N-A 197,LOCAL SUPPLY,2204,,,01/03/2025,ARUN
495,OR ,XRAY VIEWER,GENERIC ,N-A 198,LOCAL SUPPLY,2223,,,01/04/2025,MANU
496,PEDIA,BP APPARATUS,STANDBY,SW5230,BAUMANOMETER,2365,,,01/04/2025,MANU
497,PEDIA,BP APPARATUS,STANDBY,SW5299,BAUMANOMETER,2381,,,01/09/2025,MANU
498,PEDIA,BP APPARATUS,STANDBY,SX4288,BAUMANOMETER,2385,,,01/10/2025,JAYAPRAKASH
499,PEDIA,EXAMINATION BED ,GENERIC ,N-A 199,LOCAL SUPPLY,2361,,,01/02/2025,NIXON
500,PEDIA,EXAMINATION BED ,GENERIC ,N-A 200,LOCAL SUPPLY,2366,,,01/05/2025,MANU
501,PEDIA,EXAMINATION BED ,GENERIC ,N-A 201,MEDITRON,2370,,,01/09/2025,SUJITH
502,PEDIA,EXAMINATION BED ,AV402,001043547,GIVAS,2375,,,01/08/2025,MANU
503,PEDIA,EXAMINATION BED ,GENERIC ,N-A 202,NUVO,2377,,,01/08/2025,NIXON
504,PEDIA,EXAMINATION BED ,GENERIC ,00036,MEDITRON,2382,,,01/09/2025,MANU
505,PEDIA,EXAMINATION BED ,GENERIC ,N-A 203,LOCAL SUPPLY,2388,,,01/10/2025,MANU
506,PEDIA,EXAMINATION LIGHT,KS-Q3,N-A 204,LOCAL SUPPLY,2359,,,01/02/2025,MANU
507,PEDIA,EXAMINATION LIGHT,KS-Q3,N-A 205,LOCAL SUPPLY,2367,,,01/06/2025,MANU
508,PEDIA,EXAMINATION LIGHT,KS-Q3,N-A 206,LOCAL SUPPLY,2371,,,01/08/2025,MANU
509,PEDIA,EXAMINATION LIGHT,KS-Q3,N-A 207,LOCAL SUPPLY,2379,,,01/09/2025,SUJITH
510,PEDIA,EXAMINATION LIGHT,KS-Q3,N-A 208,LOCAL SUPPLY,2380,,,01/09/2025,MANU
511,PEDIA,EXAMINATION LIGHT,KS-Q3,N-A 209,LOCAL SUPPLY,2387,,,01/10/2025,SUJITH
512,PEDIA,GEL WARMER,GENERIC ,N-A 210,ULTRA WARMER,2363,,,01/02/2025,JAYAPRAKASH
513,PEDIA,NIOX VERO,NIOX VERO,602162,CIRCASSIA,2369,,,01/08/2025,JAYAPRAKASH
514,PEDIA,REFRIGERATOR,GR-1315F,N-A 211,LG,2376,,,01/08/2025,MANU
515,PEDIA,REFRIGERATOR,RS22DR4HE,N-A 212,WANSA,2383,,,01/09/2025,NIXON
516,PEDIA,XRAY VIEWER,GENERIC ,N-A 213,LOCAL SUPPLY,2364,,,01/02/2025,SUJITH
517,PEDIA,XRAY VIEWER,GENERIC ,N-A 214,LOCAL SUPPLY,2368,,,01/07/2025,NIXON
518,PEDIA,XRAY VIEWER,GENERIC ,50051,FAZZINI,2378,,,01/08/2025,JAYAPRAKASH
519,PEDIA,XRAY VIEWER,70X43,6A0103,PHARMA,2389,,,01/10/2025,MANU
520,PLASTIC ,BEAUTY BED,GENERIC ,N-A 215,MADY,1105,,,01/05/2025,JAYAPRAKASH
521,PLASTIC ,BEAUTY BED,GENERIC ,N-A 216,MADY,1140,,,01/09/2025,MANU
522,PLASTIC ,BEAUTY BED,3SECTS ELECTRIC ,N-A 217,MEDISA,1156,,,01/08/2025,JAYAPRAKASH
523,PLASTIC ,BP APPARATUS,STAND BY,SX5115,BAUMANOMETER,1100,,,01/03/2025,MANU
524,PLASTIC ,BP APPARATUS,STAND BY,SW9969,BAUMANOMETER,1127,,,01/06/2025,NIXON
525,PLASTIC ,BP APPARATUS,STAND BY,SX4292,BAUMANOMETER,1151,,,01/08/2025,SUJITH
526,PLASTIC ,BP APPARATUS,STAND BY,SV1429,BAUMANOMETER,1159,,,01/09/2025,SUJITH
527,PLASTIC ,EXAMINATION BED,MOD-AV4022,001043541,GIVAS HOSP. COM,1129,,,01/08/2025,SUJITH
528,PLASTIC ,EXAMINATION BED,GENERIC ,N- A 218,LOCAL SUPPLY,1149,,,01/07/2025,MANU
529,PLASTIC ,EXAMINATION LAMP,WM-52FL,SL6802660,PHILIPS BURTON,1148,,,01/07/2025,NIXON
530,PLASTIC ,EXAMINATION LAMP,KS-Q3,N- A 219,LOCAL SUPPLY,1157,,,01/08/2025,NIXON
531,PLASTIC ,EXAMINATION LAMP,LRE1212T,111048703,WALDMANN,1158,,,01/03/2025,MANU
532,PLASTIC ,EXAMINATION LIGHT,GENERIC ,N- A 220,AFMA-VOLOGNA,1141,,,01/07/2025,JAYAPRAKASH
533,PLASTIC ,EXAMINATION LIGHT,KS-Q6,N- A 221,LOCAL SUPPLY,1152,,,01/08/2025,MANU
534,PLASTIC ,EXAMINE LAMP,KS-Q3,N- A 222,LOCAL SUPPLY,1102,,,01/05/2025,MANU
535,PLASTIC ,EXAMINE LAMP,GENERIC ,N- A 223,LUXO,1128,,,01/07/2025,MANU
536,PLASTIC ,MAGNIFY LIGHT,WB52FL,SM6802656,PHILIPS,1101,,,01/05/2025,SUJITH
537,PLASTIC ,REFRIGERATOR,RS22DR4HE,N- A 224,WANSA,1125,,,01/03/2025,MANU
538,PLASTIC ,REFRIGERATOR,WRTW-408,1410550015,WANSA,1103,,,01/03/2025,JAYAPRAKASH
539,PLASTIC ,REFRIGERATOR,WRTW-330-NFWTC1R2,N- A 225,WANSA,1160,,,01/03/2025,NIXON
540,PLASTIC ,REFRIGERATOR,GR-R42UT-K,5947,TOSHIBA,1154,,,01/09/2025,SUJITH
541,PT,AIR WALKER,GENERIC ,N-A 226,LOCAL SUPPLY,,,,01/12/2025,JAYAPRAKASH
542,PT,BP APPARATUS,STANDBY,SX4290,BAUMANOMETER,1623,,,01/08/2025,MANU
543,PT,EXAMINATION BED,3SECTION PLINTHE0130018-0001,E0130018,MEDISA,1679,,,01/11/2025,NIXON
544,PT,EXAMINATION BED,EL03,170424020K,CONFYCARE,1682,,,01/11/2025,MANU
545,PT,EXAMINATION BED,EL03,17042K0203,CONFYCARE,1685,,,01/11/2025,MANU
546,PT,EXAMINATION BED,EL02W,190122K002,CONFYCARE,1688,,,01/12/2025,JAYAPRAKASH
547,PT,EXAMINATION BED,EL02W,190122K006,CONFYCARE,1673,,,01/12/2025,JAYAPRAKASH
548,PT,GEL WARMER,82-01-20,N-A 227,PARKER,1689,,,01/11/2025,JAYAPRAKASH
549,PT,LATITUDE LATERAL ,LATITUDE-01,LAT-100401,SCIFIT,1655,,,01/10/2025,MANU
550,PT,MANUXELECT BED,GENERIC ,550-04-908,MANUXELECT,2451,,,01/12/2025,MANU
551,PT,MATRIX ,URF-IX-C,CEP592190100334,LOCAL SUPPLY,2384,,,01/12/2025,MANU
552,PT,PATIENT BED,GENERIC ,N-A 228,LOCAL SUPPLY,1624,,,01/08/2025,MANU
553,PT,PATIENT BED,GENERIC ,N-A 229,BRISTOLMAID,1634,,,01/08/2025,NIXON
554,PT,PATIENT BED,HOSE C020,AR151574,BRISTOLMAID,1635,,,01/08/2025,MANU
555,PT,PATIENT BED,EL03,1704240205,CONFYCARE,1636,,,01/09/2025,MANU
556,PT,PATIENT BED,EL03,1704240207,CONFYCARE,1637,,,01/09/2025,JAYAPRAKASH
557,PT,PATIENT BED,EL03,1704240206,CONFYCARE,1638,,,01/09/2025,JAYAPRAKASH
558,PT,PATIENT BED,EL02W,190122K004-,CONFYCARE,1674,,,01/11/2025,NIXON
559,PT,PATIENT BED,GENERIC ,190122K004,CONFYCARE,1674,,,01/12/2025,JAYAPRAKASH
560,PT,QUAPRICEPS TABLE,GENERIC ,N-A 230,LOCAL SUPPLY,1660,,,01/10/2025,JAYAPRAKASH
561,PT,SHOULDER WHEEL,CURAMOTION ,T00009208,CURAMOTION,1652,,,01/10/2025,MANU
562,PT,STABILISER,RT5000W,N-A 231,ROCK STOCK POWER,1659,,,01/10/2025,JAYAPRAKASH
563,PT,STATIC BICYCLE,F20,N-A 232,TUNTURI,1651,,,01/10/2025,NIXON
564,PT,TRIPLEX PULLEY,922184,201008044,MIDLAND CO. INC. ,1649,,,01/09/2025,NIXON
565,PT,TRISTANDER FOAM,45305,81024223,THMBLE FORMS2,1661,,,01/10/2025,MANU
566,PT,VOITAGE REGULATOR,LYRA-3K,LL0030006-5019,OORTEA,1643,,,01/09/2025,MANU
567,PT,VOITAGE REGULATOR,TC-1500,N-A 233,STAVOL,1647,,,01/09/2025,MANU
568,PT,VOITAGE REGULATOR,SVC-1500,N-A 234,STAVOL,1671,,,01/10/2025,MANU
569,PT,VOITAGE REGULATOR,LYRA-3K,LL0030048-0821,ORTEA,1691,,,01/12/2025,NIXON
570,PT,XRAY VIEWER,GENERIC ,N-A 235,QUALX,1625,,,01/08/2025,NIXON
571,SURGERY,BEAUTY BED,GENERIC ,N-A 236,LOCAL SUPPLY,1407,,,01/08/2025,MANU
572,SURGERY,BP APPARATUS,STAND BY,SX2292,BAUMANOMETER,1416,,,01/09/2025,MANU
573,SURGERY,BP APPARATUS,STAND BY,SW5260,BAUMANOMETER,1423,,,01/09/2025,MANU
574,SURGERY,BP APPARATUS,STAND BY,SX5113,BAUMANOMETER,1429,,,01/09/2025,JAYAPRAKASH
575,SURGERY,BP APPARATUS,STAND BY,SX2317,BAUMANOMETER,1433,,,01/11/2025,SUJITH
576,SURGERY,BP APPARATUS,STAND BY,SW3220,BAUMANOMETER,1439,,,01/10/2025,MANU
577,SURGERY,EXAMINATION BED ,GENERIC ,201905200439,CONFY CARE,1413,,,01/12/2025,MANU
578,SURGERY,EXAMINATION BED ,LAGO18MAPL,058440,CORONA,1418,,,01/10/2025,MANU
579,SURGERY,EXAMINATION BED ,GENERIC ,N-A 237,LOCAL SUPPLY,1424,,,01/10/2025,MANU
580,SURGERY,EXAMINATION BED ,GENERIC ,N-A 238,LOCAL SUPPLY,1428,,,01/08/2025,JAYAPRAKASH
581,SURGERY,EXAMINATION BED ,GENERIC ,N-A 239,LOCAL SUPPLY,1435,,,01/12/2025,MANU
582,SURGERY,EXAMINATION BED ,GENERIC ,N-A 240,LOCAL SUPPLY,1442,,,01/12/2025,MANU
583,SURGERY,EXAMINATION LIGHT,KS-Q3,N-A 241,LOCAL SUPPLY,1408,,,01/09/2025,MANU
584,SURGERY,EXAMINATION LIGHT,KS-Q3,N-A 242,LOCAL SUPPLY,1414,,,01/08/2025,JAYAPRAKASH
585,SURGERY,EXAMINATION LIGHT,KS-Q3,N-A 244,LOCAL SUPPLY,1426,,,01/11/2025,MANU
586,SURGERY,EXAMINATION LIGHT,KS-Q35,N-A 245,LOCAL SUPPLY,1427,,,01/12/2025,MANU
587,SURGERY,EXAMINATION LIGHT,KS-Q35,N-A 246,LOCAL SUPPLY,1436,,,01/08/2025,MANU
588,SURGERY,EXAMINATION LIGHT,GENERIC ,N-A 247,FAZZINI,1441,,,01/11/2025,MANU
589,SURGERY,XRAY VIEWER,GENERIC ,N-A 248,LOCAL SUPPLY,1409,,,01/10/2025,NIXON
590,SURGERY,XRAY VIEWER,GENERIC ,N-A 249,LOCAL SUPPLY,1412,,,01/11/2025,MANU
591,SURGERY,XRAY VIEWER,1040103,N-A 250,PHARMA,1419,,,01/11/2025,NIXON
592,SURGERY,XRAY VIEWER,GENERIC ,N-A 251,LOCAL SUPPLY,1420,,,01/12/2025,SUJITH
593,SURGERY,XRAY VIEWER,B80005358,408-,FABRICADO,1431,,,01/10/2025,SUJITH
594,SURGERY,XRAY VIEWER,GENERIC ,N-A 252,LOCAL SUPPLY,1437,,,01/09/2025,NIXON
595,SURGERY,XRAY VIEWER,GENERIC ,N-A 253,LOCAL SUPPLY,1443,,,01/11/2025,MANU
596,XRAY,BP APPARATUS,STAND BY,SU5208,BAUMANOMETER,1778,,,01/03/2025,JAYAPRAKASH
597,XRAY,BP APPARATUS,ALPK2,22-00571,LOCAL SUPPLY,2672,,,01/03/2025,JAYAPRAKASH
598,XRAY,EXAM.BED,GENERIC ,N-A 254,LOCAL SUPPLY,1780,,,01/05/2025,ARUN
599,XRAY,EXAM.BED MRI,GENERIC ,N-A 255,MACMEDIX,1779,,,01/04/2025,JAYAPRAKASH
600,XRAY,EXAM.LIGHT,KS-Q6,N-A 256,LOCAL SUPPLY,1784,,,01/07/2025,NIXON
601,XRAY,GEL WARMER,82-01-20,147005V116,PARKER,1983,,,01/04/2025,MANU
602,XRAY,GEL WARMER,82-01-20,146005BI16,PARKER,1986,,,01/09/2025,SUJITH
603,XRAY,PATIENT BED,LAGO18MAPL,058464,CORONA MEDICAL,1980,,,01/02/2025,NIXON
604,XRAY,PATIENT BED,LAGO18MAPL,23223,CORONA,1987,,,01/06/2025,MANU
605,XRAY,PATIENT BED,GENERIC ,N-A 257,LOCAL SUPPLY,1989,,,01/07/2025,ARUN
606,XRAY,VOLTAGE REGULATOR,LYRA15K,LL0150011-221,ORTEA,1776,,,01/02/2025,SUJITH
607,XRAY,VOLTAGE REGULATOR,ST2000W,N-A 258,AUTOSTAC,1788,,,01/01/2025,NIXON
608,XRAY,WEIGHING SCALE,7001021998,5700343108896,SECA,1782,,,01/06/2025,ARUN
609,XRAY,X RAY VIEWER,GENERIC ,N-A 28,LOCAL SUPPLY,1774,,,01/01/2025,SUJITH
610,XRAY,XRAY VIEWER,GENERIC ,40345,FAZZINI,1982,,,01/03/2025,MANU
611,XRAY,XRAY VIEWER,17X43,687103,PARMA,1984,,,01/05/2025,NIXON
612,XRAY,XRAY VIEWER,GENERIC ,N-A 243,LUME VISION,1990,,,01/08/2025,ARUN
